id;user_id;title;author;related_url;date_added;short_desc;long_desc;display;access_level;impressions;avg_rating;thumbnail;keywords;country;date_last_mod
1;62589;toolset Bedfordshire;Fresh deposit;navigating Steel Forest;2021-04-10T03:38:25;Consultant;bus;Tala;50923;26739;67255;Account;Re-contextualized heuristic;Dominican Republic;2021-04-10T01:14:16
2;29526;Bedfordshire plum;Motorway AGP;Regional cross-platform;2021-04-10T07:18:09;Manager invoice;Computers card clear-thinking;neural bypassing Dakota;97256;56131;88991;mobile;Pizza Home compelling;Wallis and Futuna;2021-04-10T02:25:59
3;86534;Dirham;TCP Implementation;leading-edge;2021-04-10T19:01:57;Polarised open-source next-generation;lime;Checking Practical Benin;23997;30895;6590;payment;complexity;Bhutan;2021-04-10T15:19:23
4;85349;Dollar;Savings;Generic Savings;2021-04-10T12:34:33;deposit Consultant Fresh;USB;Buckinghamshire;80007;30150;70089;SQL solution;Enhanced;Cote d'Ivoire;2021-04-10T23:02:34
5;70615;cultivate Franc Gorgeous;markets;Granite Health;2021-04-10T03:47:35;Rubber synthesizing bus;International;Peso Engineer Direct;58347;44291;61684;Organic;Designer;Afghanistan;2021-04-10T11:59:51
6;61832;Pants;solutions;capacitor;2021-04-10T05:51:37;Chicken Sports Automotive;Ramp robust;ivory;99001;92435;8009;Buckinghamshire;Mozambique;Singapore;2021-04-10T22:04:14
7;15508;Practical;International mesh;Yuan Swedish;2021-04-10T01:06:41;open-source;Avon Pizza card;Account Table attitude-oriented;44921;10384;76027;Mandatory;haptic Licensed Metal;Chile;2021-04-10T00:22:28
8;98375;Mississippi Toys;Generic RSS PCI;value-added Road;2021-04-10T18:56:00;Chicken Outdoors;task-force;Innovative;83655;67785;89663;Bedfordshire COM static;Union navigating;New Caledonia;2021-04-10T22:50:18
9;27184;out-of-the-box Michigan Engineer;Savings back-end;Account;2021-04-10T17:05:26;Concrete Tunnel;Multi-tiered viral Analyst;Chicken compress modular;78190;84487;59041;Gorgeous;Creative Avon;Gibraltar;2021-04-10T13:55:52
10;53073;Maine;Buckinghamshire;Generic Palladium;2021-04-10T22:49:14;revolutionary;Supervisor;Interactions Kids heuristic;17620;95163;69014;Frozen;Branding;Faroe Islands;2021-04-10T07:44:25
