id;user_id;title;author;related_url;date_added;short_desc;long_desc;display;access_level;expire;priority;impressions;click_thrus;avg_rating;ratings;thumbnail;image_1;date_end;keywords;creations_type;wazn;country;date_last_mod
1;46578;Orchestrator Security;methodical;Concrete;2021-04-10T17:33:30;India Account;Beauty;Principal Borders Granite;53557;2021-04-10T17:35:40;6619;85535;18352;47147;1811;Corporate Chair;TCP Electronics Communications;2021-04-10T18:41:02;bluetooth;deposit circuit;purple Republic Cote;Libyan Arab Jamahiriya;2021-04-10T04:51:51
2;74858;Shirt open-source;THX Brooks Frozen;transmitting;2021-04-10T17:41:34;Group Concrete;Cotton seamless;Re-contextualized microchip Assurance;16946;2021-04-10T14:19:05;49168;24888;94331;55169;40594;Nepal;capability Rustic;2021-04-10T19:28:14;Borders Agent;Gloves Handmade;Ergonomic Circle;Faroe Islands;2021-04-10T01:24:06
3;81243;PNG Configuration;Awesome index;Response Designer Wisconsin;2021-04-10T03:09:51;experiences Islands Berkshire;Credit;Generic;66434;2021-04-10T08:03:42;43896;54077;48939;41958;56105;driver navigate optical;Kenya Berkshire;2021-04-10T14:29:09;Swaziland Bedfordshire;harness Pizza;Account;Turkmenistan;2021-04-10T03:49:14
4;30283;Gloves vortals;Ball index;Nigeria Analyst Customizable;2021-04-10T07:47:50;California Technician Well;dot-com;Industrial indexing Hat;94142;2021-04-10T15:35:21;44998;83768;22801;2681;24927;application repurpose Public-key;payment New Personal;2021-04-10T13:56:03;GB;Arkansas;Incredible;Guadeloupe;2021-04-10T21:56:46
5;87587;withdrawal distributed;azure El indexing;Cambridgeshire Product;2021-04-10T17:30:46;Home Utah;neural Madagascar;solutions optical;49851;2021-04-10T02:38:16;2728;43816;15902;74456;54835;Hat Facilitator;Legacy;2021-04-10T14:59:07;Connecticut;architect Soft;explicit seize Account;Saint Martin;2021-04-10T18:53:46
6;32439;Neck;transmit;Pants;2021-04-10T06:44:15;Gardens;initiatives Concrete;value-added;31165;2021-04-10T20:12:22;56369;70600;10502;94694;91510;niches;Card Fantastic transmitting;2021-04-10T14:06:12;Table;feed convergence invoice;implementation Berkshire;Seychelles;2021-04-10T05:18:57
7;14651;emulation Accounts Administrator;Chips SMS;invoice;2021-04-10T00:59:28;Borders portals Shoes;Architect drive Exclusive;orchestrate;91395;2021-04-10T09:54:32;73335;88604;7815;86152;67610;Data dedicated Tanzania;Villages;2021-04-10T11:25:30;withdrawal revolutionary New;Tasty Incredible Representative;success discrete Tasty;Chad;2021-04-10T13:08:53
8;49718;Trail;cross-media Handmade Advanced;olive;2021-04-09T23:34:47;Borders violet;Tuna backing District;Brand SMTP Missouri;65123;2021-04-10T18:14:37;78068;16123;50263;13657;7782;Alley Automotive Computer;efficient clicks-and-mortar;2021-04-10T09:58:28;Configuration;withdrawal;deposit;Japan;2021-04-10T10:17:00
9;14910;Cheese primary bus;Cambridgeshire system;Plain Cheese transmit;2021-04-10T13:20:44;solid Operations Uganda;Assurance Central engage;system;6001;2021-04-09T23:32:01;30958;90078;13230;75379;52442;Guiana Point Loan;navigate Books;2021-04-10T04:12:38;navigating;Keyboard Inlet Refined;Persistent;Tanzania;2021-04-10T16:39:03
10;49482;structure;Outdoors;Sports quantifying;2021-04-10T09:56:03;Refined;value-added envisioneer;Solutions Russian transmit;10471;2021-04-10T12:43:03;15656;56983;59068;3048;9964;morph Practical target;Associate Cambridgeshire Balanced;2021-04-10T12:40:16;schemas Synergized;Buckinghamshire solutions;withdrawal B2C Account;Croatia;2021-04-10T03:08:19
